3.0,100.0,100.0,10.0,45.0,60.0,1.67,21.0,1.0,100.0,100.0,1.0,10.0,1000.0,50.0
3.0,35.0,35.0,10.0,45.0,60.0,1.67,20.0,1.0,0.0,0.0,1.0,10.0,1000.0,50.0
E,1614.301043344,17,15,17,15,96,146,0
E,1614.350045584,18,15,18,15,96,146,0
E,1614.399405188,18,15,18,15,96,146,0
E,1614.457850470,17,15,17,15,96,146,0
E,1614.506853130,16,14,16,14,96,146,0
E,1614.555854978,17,14,17,14,96,146,0
E,1614.615015870,17,14,17,14,96,146,0
E,1614.673460354,17,14,17,14,96,146,0
E,1614.722462692,18,15,18,15,96,146,0
E,1614.771464792,18,15,18,15,96,146,0
E,1614.820825656,18,15,18,15,96,146,0
E,1614.879269748,20,18,20,18,96,146,0
E,1614.928272002,20,21,20,21,96,146,0
E,1614.977274354,20,21,20,21,96,146,0
E,1615.046487098,19,20,19,20,96,146,0
E,1615.105079086,18,18,18,18,96,146,0
E,1615.154081396,17,17,17,17,96,146,0
E,1615.203083636,17,16,17,16,96,146,0
E,1615.252296730,16,15,16,15,96,146,0
E,1615.310888620,16,14,16,14,96,145,0
E,1615.359890832,16,14,16,14,96,145,0
E,1615.408893128,16,14,16,14,96,145,0
E,1615.458811780,16,13,16,13,96,145,0
E,1615.516698070,15,13,15,13,96,145,0
E,1615.565700226,14,14,14,14,96,145,0
E,1615.614702550,13,14,13,14,96,145,0
E,1615.664064044,12,15,12,15,96,145,0
E,1615.722507450,12,15,12,15,96,145,0
E,1615.771509536,11,15,11,15,96,145,0
E,1615.820511832,10,15,10,15,96,145,0
E,1615.869628816,10,15,10,15,96,145,0
E,1615.928316830,10,16,10,16,96,145,0
E,1616.007119420,10,16,10,16,96,145,0
E,1616.056121842,10,15,10,15,96,145,0
E,1616.105238378,10,15,10,15,96,145,0
E,1616.163926854,10,14,10,14,96,145,0
E,1616.212928926,10,14,10,14,96,145,0
E,1616.271731474,11,15,11,15,96,145,0
E,1616.320848500,11,15,11,15,96,145,0
E,1616.379536500,12,17,12,17,96,144,0
E,1616.428538740,15,24,15,24,96,144,0
E,1616.477541064,23,46,23,46,96,144,0
E,1616.536458244,41,82,40,81,97,144,0
E,1616.595146342,55,103,55,100,100,144,0
E,1616.653949058,61,100,61,100,102,144,0
E,1616.712751606,66,90,66,90,103,144,0
E,1616.771668856,68,79,68,80,103,144,0
E,1616.830357220,70,71,70,71,103,144,0
E,1616.879359264,72,74,72,74,101,144,0
E,1616.938161952,89,101,89,100,99,144,0
E,1617.017079314,108,135,100,100,98,144,0
E,1617.075767510,106,133,100,100,95,144,0
E,1617.134570100,101,118,100,100,94,144,0
E,1617.193372788,97,106,97,100,92,144,0
E,1617.252290150,92,99,92,99,91,144,0
E,1617.310978178,90,89,90,89,89,390,0
E,1617.359980432,89,81,89,81,87,390,0
E,1617.408982658,87,75,87,75,86,390,0
E,1617.458099320,85,69,85,69,85,390,0
E,1617.516787600,84,64,84,64,83,390,0
E,1617.565789714,83,62,83,62,82,390,0
E,1617.614792206,80,60,80,60,80,390,0
E,1617.664561590,77,58,77,58,79,390,0
E,1617.722596924,74,57,74,57,78,390,0
E,1617.781399486,72,57,72,57,76,390,0
E,1617.830401978,71,58,71,58,75,390,0
E,1617.879518780,70,57,70,57,74,390,0
E,1617.938206836,70,58,70,58,72,390,0
E,1618.007208950,72,59,72,59,71,390,0
E,1618.056211204,76,61,76,61,70,390,0
E,1618.105328006,79,60,79,60,69,390,0
E,1618.164016216,80,58,80,58,68,390,0
E,1618.222819030,81,59,81,59,67,390,0
E,1618.271821214,83,65,83,65,65,390,0
E,1618.330738338,83,73,83,73,64,390,0
E,1618.389426562,85,80,85,80,63,144,0
E,1618.438428760,91,92,91,92,62,144,0
E,1618.487431028,99,102,99,100,61,144,0
E,1618.546348320,107,111,100,100,60,144,0
E,1618.605036348,110,120,100,100,59,144,0
E,1618.663839036,112,119,100,100,58,144,0
E,1618.722641808,116,112,100,100,56,144,0
E,1618.781559016,119,110,100,100,55,144,0
E,1618.840247086,121,109,100,100,54,144,0
E,1618.899049830,126,114,100,100,53,144,0
E,1618.957852658,128,119,100,100,53,144,0
E,1619.036769908,128,114,100,100,52,144,0
E,1619.095457936,128,104,100,100,51,144,0
E,1619.154260484,126,92,100,92,50,144,0
E,1619.213063256,122,84,100,84,49,144,0
E,1619.262180086,123,80,100,80,49,144,0
E,1619.320868226,124,76,100,76,49,144,0
E,1619.379671026,128,73,100,73,49,144,0
E,1619.438473574,130,71,100,71,48,144,0
E,1619.497390754,127,70,100,70,48,144,0
E,1619.556078852,124,69,100,69,48,144,0
E,1619.614881512,121,69,100,69,48,144,0
E,1619.673684368,118,72,100,72,48,144,0
E,1619.722801002,114,77,100,77,48,144,0
E,1619.781489170,103,77,100,77,49,144,0
E,1619.830491284,95,73,95,73,50,144,0
E,1619.879493706,91,70,91,70,50,144,0
E,1619.929263006,87,69,87,69,50,144,0
E,1620.007298606,81,70,81,70,50,144,0
E,1620.056300832,77,71,77,71,50,144,0
E,1620.105303044,71,69,71,69,51,144,0
E,1620.154419902,65,65,65,65,51,144,0
E,1620.213108154,60,63,60,63,52,144,0
E,1620.262110184,56,60,56,60,52,144,0
E,1620.311112494,51,57,51,57,53,144,0
E,1620.360229268,48,53,48,53,53,144,0
E,1620.418917464,44,49,44,49,54,144,0
E,1620.477720012,41,46,41,46,55,144,0
E,1620.526722406,39,46,39,46,55,144,0
E,1620.575839292,37,47,37,47,56,144,0
E,1620.634527320,35,46,35,46,58,144,0
E,1620.683529560,33,44,33,44,60,144,0
E,1620.742332094,31,43,31,43,62,144,0
E,1620.791448980,30,41,30,41,64,144,0
E,1620.850137092,28,39,28,39,67,144,0
E,1620.899139430,26,38,26,38,69,144,0
E,1620.948141754,26,38,26,38,71,144,0
E,1621.017258360,25,38,25,38,73,144,0
E,1621.075946472,25,40,25,40,76,144,0
E,1621.124948810,25,42,25,42,78,144,0
E,1621.173951064,25,42,25,42,80,144,0
E,1621.223067292,25,41,25,41,82,144,0
E,1621.281756062,24,40,24,40,85,144,0
E,1621.330758232,23,39,23,39,87,144,0
E,1621.389560878,23,38,23,38,90,144,0
E,1621.438676938,24,37,24,37,92,144,0
E,1621.497365834,24,37,24,37,93,182,0
E,1621.546367892,25,36,25,36,94,182,0
E,1621.595370314,25,35,25,35,95,182,0
E,1621.644486346,25,33,25,33,96,182,0
E,1621.703175214,24,31,24,31,96,182,0
E,1621.752177370,23,30,23,30,96,182,0
E,1621.801179610,23,29,23,29,96,182,0
E,1621.850296048,22,29,22,29,96,182,0
E,1621.908984664,21,27,21,27,96,182,0
E,1622.026988962,20,25,20,25,96,182,0
E,1622.076894216,20,24,20,24,96,182,0
E,1622.134793960,21,24,21,24,96,182,0
E,1622.183796116,21,23,21,23,96,182,0
E,1622.232798538,22,23,22,23,96,182,0
E,1622.281914682,22,22,22,22,96,182,0
E,1622.340603466,22,22,22,22,95,182,0
E,1622.389605580,23,22,23,22,95,182,0
E,1622.438607778,25,22,25,22,95,182,0
E,1622.487724048,25,21,25,21,95,182,0
E,1622.546412832,23,20,23,20,95,161,0
E,1622.595414988,22,19,22,19,95,161,0
E,1622.644417270,22,18,22,18,95,161,0
E,1622.693533708,21,18,21,18,95,161,0
E,1622.752222240,21,17,21,17,95,161,0
E,1622.801224480,22,17,22,17,95,161,0
E,1622.850226678,21,17,21,17,95,161,0
E,1622.899342500,21,17,21,17,95,161,0
E,1622.958031508,20,16,20,16,95,161,0
E,1623.027033986,19,16,19,16,95,161,0
E,1623.076035988,18,16,18,16,94,161,0
E,1623.125151992,18,16,18,16,94,161,0
E,1623.183840916,17,16,17,16,94,161,0
E,1623.232843506,17,16,17,16,94,161,0
E,1623.281845550,17,16,17,16,94,161,0
E,1623.330961358,17,17,17,17,95,161,0
E,1623.389650408,17,17,17,17,94,161,0
E,1623.438652690,17,16,17,16,94,161,0
E,1623.487654916,18,16,18,16,94,161,0
E,1623.536770640,19,16,19,16,94,161,0
E,1623.595459788,22,17,22,17,93,144,0
E,1623.644462084,26,18,26,18,93,144,0
E,1623.693464296,30,24,30,24,93,144,0
E,1623.742580090,37,33,37,33,92,144,0
E,1623.801269392,48,44,48,44,91,144,0
E,1623.850271576,53,47,53,47,90,144,0
E,1623.899273914,58,58,58,58,89,144,0
E,1623.948389750,66,77,66,77,88,144,0
E,1624.027078786,69,85,69,85,88,144,0
E,1624.076080802,69,77,69,77,88,144,0
E,1624.125083266,71,70,71,70,87,144,0
E,1624.184652286,79,74,79,74,85,144,0
E,1624.242688516,91,94,91,94,84,144,0
E,1624.301491218,94,100,94,100,82,144,0
E,1624.350493374,90,90,90,90,81,144,0
E,1624.399609378,88,81,88,81,80,144,0
E,1624.458298204,86,73,86,73,79,144,0
E,1624.507300780,83,67,83,67,78,144,0
E,1624.566103244,80,62,80,62,76,144,0
E,1624.840629258,76,49,76,49,71,172,0
E,1624.899318532,75,50,75,50,70,172,0
E,1624.948320856,76,48,76,48,69,172,0
E,1625.017322914,79,48,79,48,68,172,0
E,1625.066438820,83,49,83,49,67,172,0
E,1625.125127926,85,52,85,52,66,172,0
E,1625.174130026,85,55,85,55,65,172,0
E,1625.223132574,84,56,84,56,64,172,0
E,1625.272248060,85,58,85,58,63,172,0
E,1625.330937194,91,59,91,59,63,172,0
E,1625.379939490,96,62,96,62,62,172,0
E,1625.428941898,101,66,100,66,61,172,0
E,1625.487858532,105,70,100,70,60,172,0
E,1625.546547162,106,78,100,78,59,172,0
E,1625.605350032,108,85,100,85,58,172,0
E,1625.654352090,110,86,100,86,57,172,0
E,1625.713268780,111,86,100,86,56,172,0
E,1625.771957564,112,87,100,87,55,144,0
E,1625.820959720,115,85,100,85,54,144,0
E,1625.879762324,122,81,100,81,53,144,0
E,1625.928878748,129,79,100,79,53,144,0
E,1626.007567420,131,77,100,77,52,144,0
E,1626.056569534,133,74,100,74,51,144,0
E,1626.105571816,137,72,100,72,50,144,0
E,1626.164488562,144,76,100,76,49,144,0
E,1626.223177220,146,80,100,80,49,144,0
E,1626.272179600,146,78,100,78,49,144,0
E,1626.330982204,145,78,100,78,48,144,0
E,1626.390551378,147,97,100,97,48,144,0
E,1626.448587524,145,110,100,100,47,144,0
E,1626.507390086,134,94,100,94,47,144,0
E,1626.556392452,127,80,100,80,47,144,0
E,1626.615309170,122,66,100,66,47,144,0
E,1626.673997688,119,55,100,55,47,145,0
E,1626.732800390,113,45,100,45,47,145,0
E,1626.781802700,107,39,100,39,46,145,0
E,1626.830918956,102,34,100,34,44,145,0
E,1626.889607530,95,28,95,28,41,145,0
E,1626.938609812,90,24,90,24,38,145,0
E,1627.007612136,103,36,100,36,35,145,0
E,1627.056728434,119,58,100,58,33,145,0
E,1627.115416952,120,87,100,87,33,145,0
E,1627.174219766,109,88,100,88,34,145,0
E,1627.223221852,98,75,98,75,35,145,0
E,1627.272338220,87,64,87,64,35,145,0
E,1627.331026906,77,53,77,53,36,145,0
E,1627.380029230,69,45,69,45,36,145,0
E,1627.438831862,61,38,61,38,37,145,0
E,1627.487948356,56,32,56,32,38,145,0
E,1627.546636846,50,27,50,27,39,145,0
E,1627.595639086,46,23,46,23,40,145,0
E,1627.644641368,43,20,43,20,41,145,0
E,1627.693757680,41,18,41,18,41,145,0
E,1627.752446240,38,15,38,15,42,239,0
E,1627.801448746,36,13,36,13,43,239,0
E,1627.850450678,34,11,34,11,44,239,0
E,1627.899566934,32,10,32,10,45,239,0
E,1627.958255732,30,9,30,9,46,239,0
E,1628.027257972,28,8,28,8,47,239,0
E,1628.076260030,26,7,26,7,48,239,0
E,1628.125376328,25,6,25,6,49,239,0
E,1628.184065098,24,6,24,6,50,239,0
E,1628.233067156,24,5,24,5,51,239,0
E,1628.282069396,23,5,23,5,52,239,0
E,1628.331185610,23,4,23,4,53,239,0
E,1628.389874366,23,4,23,4,54,239,0
E,1628.438876620,23,4,23,4,55,239,0
E,1628.487878874,23,4,23,4,56,239,0
E,1628.537647334,23,3,23,3,57,239,0
E,1628.595683648,24,3,24,3,59,239,0
E,1628.644685888,23,3,23,3,60,239,0
E,1628.693688226,23,3,23,3,60,239,0
E,1628.742804650,23,3,23,3,61,239,0
E,1628.801493308,23,3,23,3,63,142,0
E,1628.850495422,23,3,23,3,63,142,0
E,1628.899497760,22,3,22,3,65,142,0
E,1628.948614044,22,3,22,3,66,142,0
E,1629.027302506,22,3,22,3,67,142,0
E,1629.076304774,23,3,23,3,68,142,0
E,1629.125307112,23,2,23,2,69,142,0
E,1629.174423452,23,2,23,2,70,142,0
E,1629.233111998,24,2,24,2,72,142,0
E,1629.282114252,24,2,24,2,73,142,0
E,1629.331116422,23,2,23,2,74,142,0
E,1629.380232860,23,2,23,2,75,142,0
E,1629.438921308,23,2,23,2,76,142,0
E,1629.487923870,23,2,23,2,77,142,0
E,1629.536925970,22,2,22,2,78,142,0
E,1629.586042170,22,2,22,2,79,142,0
E,1629.644730842,22,2,22,2,80,142,0
E,1629.693733082,23,2,23,2,81,142,0
E,1629.742735336,22,2,22,2,82,142,0
E,1629.791851620,23,2,23,2,83,142,0
E,1629.850540054,25,2,25,2,84,142,0
E,1629.899542420,27,2,27,2,84,142,0
E,1629.948544660,28,2,28,2,85,142,0
E,1630.017661238,27,2,27,2,86,142,0
E,1630.076349574,26,2,26,2,86,142,0
E,1630.125352052,28,2,28,2,86,142,0
E,1630.174354180,33,2,33,2,86,142,0
E,1630.223471556,38,2,38,2,86,142,0
E,1630.282159108,54,2,54,2,85,142,0
E,1630.331161306,65,2,65,2,82,142,0
E,1630.380163490,65,2,65,2,79,142,0
E,1630.429280936,67,2,67,2,76,142,0
E,1630.487968628,71,2,71,2,74,142,0
E,1630.585972898,73,2,73,2,68,142,0
E,1630.635742884,74,2,74,2,65,142,0
E,1630.693777742,75,2,75,2,61,142,0
E,1630.742779954,72,2,72,2,59,142,0
E,1630.791782222,67,2,67,2,58,142,0
E,1630.840899780,62,2,62,2,55,142,0
E,1630.899587584,59,2,59,2,54,260,0
E,1630.948589432,55,2,55,2,53,260,0
E,1631.017591686,50,2,50,2,52,260,0
E,1631.066709244,46,2,46,2,52,260,0
E,1631.125396544,42,2,42,2,53,260,0
E,1631.174398966,38,2,38,2,53,260,0
E,1631.223401164,36,2,36,2,54,260,0
E,1631.272518708,34,2,34,2,54,260,0
E,1631.331206120,36,2,36,2,55,260,0
E,1631.380208290,40,2,40,2,56,260,0
E,1631.429210488,43,2,43,2,56,260,0
E,1631.478328116,45,2,45,2,56,260,0
E,1631.537015416,46,2,46,2,56,260,0
E,1631.586017614,46,2,46,2,56,260,0
E,1631.635019826,45,2,45,2,56,260,0
E,1631.684137258,45,2,45,2,55,260,0
E,1631.742824824,46,2,46,2,55,305,0
E,1631.791827148,47,2,47,2,54,305,0
E,1631.840829360,50,2,50,2,53,305,0
E,1631.889946638,52,2,52,2,52,305,0
E,1631.948634232,55,2,55,2,49,305,0
E,1632.017636626,57,2,57,2,46,305,0
E,1632.066638726,59,2,59,2,44,305,0
E,1632.115756368,63,2,63,2,41,305,0
E,1632.174443668,68,2,68,2,37,305,0
E,1632.223445908,70,2,70,2,34,305,0
E,1632.272448092,70,2,70,2,30,305,0
E,1632.321565622,74,2,74,2,26,305,0
E,1632.380253034,78,2,78,2,22,305,0
E,1632.429255358,79,2,79,2,19,305,0
E,1632.478257626,81,2,81,2,15,305,0
E,1632.527374484,83,2,83,2,11,305,0
E,1632.586062610,85,2,85,2,6,305,0
E,1632.635064836,84,2,84,2,5,305,0
E,1632.684067048,85,2,85,2,6,305,0
E,1632.733835144,90,2,90,2,5,305,0
E,1632.840874174,92,2,92,2,5,283,0
E,1632.889876400,95,2,95,2,5,283,0
E,1632.938992166,97,2,97,2,5,283,0
E,1633.017681188,96,2,96,2,5,283,0
E,1633.066683484,95,2,95,2,5,283,0
E,1633.115685850,95,2,95,2,4,283,0
E,1633.164801588,96,2,96,2,4,283,0
E,1633.223490610,99,2,99,2,4,283,0
E,1633.272492892,99,2,99,2,4,283,0
E,1633.321495258,97,2,97,2,3,283,0
E,1633.370610996,97,2,97,2,3,283,0
E,1633.429300018,101,2,100,2,4,283,0
E,1633.478302356,103,2,100,2,3,283,0
E,1633.527304582,101,2,100,2,3,283,0
E,1633.576420432,97,2,97,2,4,283,0
E,1633.635109594,88,2,88,2,4,283,0
E,1633.684111778,81,2,81,2,4,283,0
E,1633.733114018,73,2,73,2,5,283,0
E,1633.782229854,67,2,67,2,5,283,0
E,1633.840918960,62,2,62,2,6,151,0
E,1633.889921158,58,2,58,2,6,151,0
E,1633.938923356,54,2,54,2,6,151,0
E,1634.008039178,52,2,52,2,6,151,0
E,1634.066728242,50,2,50,2,6,151,0
E,1634.115730468,49,2,49,2,6,151,0
E,1634.164732778,46,2,46,2,7,151,0
E,1634.213848040,45,2,45,2,8,151,0
E,1634.272537748,44,2,44,2,9,151,0
E,1634.321540030,42,2,42,2,11,151,0
E,1634.370542186,42,2,42,2,12,151,0
E,1634.419657462,41,2,41,2,14,151,0
E,1634.478347212,38,2,38,2,15,151,0
E,1634.527349368,36,2,36,2,17,151,0
E,1634.576351510,34,2,34,2,18,151,0
E,1634.625467192,33,2,33,2,20,151,0
E,1634.684156368,31,2,31,2,21,151,0
E,1634.733158860,29,2,29,2,23,151,0
E,1634.782160918,28,2,28,2,24,151,0
E,1634.831929630,27,2,27,2,26,151,0
E,1634.889966014,25,2,25,2,27,211,0
E,1634.938968212,23,2,23,2,29,211,0
E,1635.007970382,22,2,22,2,30,211,0
E,1635.057086638,21,2,21,2,31,211,0
E,1635.115775282,19,2,19,2,33,211,0
E,1635.164777578,18,2,18,2,34,211,0
E,1635.439190318,22,2,22,2,42,211,0
E,1635.488306392,23,2,23,2,43,211,0
E,1635.546995050,24,2,24,2,45,211,0
E,1635.595997234,24,2,24,2,46,211,0
E,1635.644999404,25,2,25,2,48,211,0
E,1635.694115940,25,2,25,2,49,211,0
E,1635.752804514,25,2,25,2,51,211,0
E,1635.801806740,25,2,25,2,53,211,0
E,1635.850809022,26,2,26,2,54,211,0
E,1635.899925208,26,2,26,2,55,211,0
E,1635.958613782,26,2,26,2,56,160,0
E,1636.027616134,27,2,27,2,58,160,0
E,1636.076618332,28,2,28,2,59,160,0
E,1636.125734602,28,2,28,2,60,160,0
E,1636.184423204,29,2,29,2,62,160,0
E,1636.282427698,29,2,29,2,64,160,0
E,1636.331543996,29,2,29,2,65,160,0
E,1636.390232654,31,2,31,2,66,160,0
E,1636.439234852,32,2,32,2,67,160,0
E,1636.537353642,34,2,34,2,69,160,0
E,1636.596041992,34,2,34,2,71,160,0
E,1636.645044148,33,2,33,2,72,160,0
E,1636.694046528,33,2,33,2,73,160,0
E,1636.743162938,33,2,33,2,73,160,0
E,1636.801851400,33,2,33,2,75,160,0
E,1636.850853906,32,2,32,2,76,160,0
E,1636.899856048,31,2,31,2,77,160,0
E,1636.949624746,30,2,30,2,78,160,0
E,1637.027660948,29,2,29,2,78,150,0
E,1637.076663188,28,2,28,2,78,150,0
E,1637.125665680,27,2,27,2,79,150,0
E,1637.174781698,27,2,27,2,79,150,0
E,1637.233470244,28,2,28,2,79,150,0
E,1637.282472526,27,2,27,2,79,150,0
E,1637.331474794,26,2,26,2,79,150,0
E,1637.380591316,25,2,25,2,79,150,0
E,1637.439279638,24,2,24,2,79,150,0
E,1637.488281920,22,2,22,2,79,150,0
E,1637.537284132,21,2,21,2,79,150,0
E,1637.586400570,20,2,20,2,79,150,0
E,1637.645089116,18,2,18,2,79,150,0
E,1637.694091286,16,2,16,2,79,150,0
E,1637.743093498,15,2,15,2,79,150,0
E,1637.792210552,14,2,14,2,79,150,0
E,1637.850898510,12,2,12,2,79,150,0
E,1637.899900834,11,2,11,2,79,150,0
E,1637.948903116,11,2,11,2,79,150,0
E,1638.018019694,10,2,10,2,79,150,0
E,1638.076707974,9,2,9,2,79,147,0
E,1638.125710102,8,2,8,2,79,147,0
E,1638.174712412,8,2,8,2,79,147,0
E,1638.223829410,7,2,7,2,79,147,0
E,1638.282517312,7,2,7,2,79,147,0
E,1638.331519538,7,2,7,2,79,147,0
E,1638.380521694,6,2,6,2,79,147,0
E,1638.429638636,6,2,6,2,79,147,0
E,1638.488326762,6,2,6,2,79,147,0
E,1638.537328918,7,2,7,2,79,147,0
E,1638.586331088,7,2,7,2,79,147,0
E,1638.635447960,9,2,9,2,79,147,0
E,1638.694136016,12,2,12,2,79,147,0
E,1638.743138284,14,2,14,2,79,147,0
E,1638.792140608,15,2,15,2,79,147,0
E,1638.841257494,15,2,15,2,79,147,0
E,1638.899945536,16,2,16,2,79,147,0
E,1638.948947776,16,2,16,2,78,147,0
E,1639.017950044,16,2,16,2,78,147,0
E,1639.067719176,17,2,17,2,78,147,0
E,1639.125754874,19,2,19,2,77,144,0
E,1639.174757128,22,2,22,2,77,144,0
E,1639.223759522,24,2,24,2,77,144,0
E,1639.272876450,24,2,24,2,77,144,0
E,1639.331564380,24,2,24,2,77,144,0
E,1639.380566480,24,2,24,2,77,144,0
E,1639.429568846,23,2,23,2,77,144,0
E,1639.478685382,23,2,23,2,76,144,0
E,1639.537373704,22,2,22,2,76,144,0
E,1639.586376014,22,2,22,2,76,144,0
E,1639.635378142,22,2,22,2,75,144,0
E,1639.684494776,22,2,22,2,74,144,0
E,1639.743183182,23,2,23,2,74,144,0
E,1639.792185352,24,2,24,2,73,144,0
E,1639.841187634,26,2,26,2,73,144,0
E,1639.890304072,28,2,28,2,72,144,0
E,1639.948992520,30,2,30,2,71,144,0
E,1640.017994774,29,2,29,2,70,144,0
E,1640.066996986,30,2,30,2,69,144,0
E,1640.116113368,31,2,31,2,68,144,0
E,1640.174802110,32,2,32,2,68,151,0
E,1640.223804280,33,2,33,2,67,151,0
E,1640.272806436,33,2,33,2,66,151,0
E,1640.321922972,35,2,35,2,66,151,0
E,1640.380611392,36,2,36,2,65,151,0
E,1640.429613604,36,2,36,2,63,151,0
E,1640.478615732,37,2,37,2,63,151,0
E,1640.527732324,40,2,40,2,62,151,0
E,1640.586420940,43,2,43,2,61,151,0
E,1640.635423054,44,2,44,2,59,151,0
E,1640.684425238,45,2,45,2,57,151,0
E,1640.733541956,45,2,45,2,54,151,0
E,1640.792230180,44,2,44,2,52,151,0
E,1640.841232504,43,2,43,2,50,151,0
E,1640.890234716,45,2,45,2,48,151,0
E,1640.939351182,46,2,46,2,46,151,0
E,1641.018039532,49,2,49,2,43,151,0
E,1641.067041702,52,2,52,2,41,151,0
E,1641.116043970,55,2,55,2,39,151,0
E,1641.223849108,53,2,53,2,32,162,0
E,1641.272851348,53,2,53,2,30,162,0
E,1641.321853532,57,2,57,2,27,162,0
E,1641.370969886,62,2,62,2,24,162,0
E,1641.429658334,66,2,66,2,20,162,0
E,1641.478660588,71,2,71,2,17,162,0
E,1641.527662870,74,2,74,2,14,162,0
E,1641.576779392,74,2,74,2,10,162,0
E,1641.635467784,72,2,72,2,6,162,0
E,1641.684470290,70,2,70,2,5,162,0
E,1641.733472264,70,2,70,2,5,162,0
E,1641.782588716,71,2,71,2,5,162,0
E,1641.841277206,71,2,71,2,5,162,0
E,1641.890279404,71,2,71,2,5,162,0
E,1641.939281840,73,2,73,2,5,162,0
E,1642.008398278,76,2,76,2,5,162,0
E,1642.067086642,77,2,77,2,5,162,0
E,1642.116088756,78,2,78,2,5,162,0
E,1642.165091024,77,2,77,2,5,162,0
E,1642.214207504,78,2,78,2,5,162,0
E,1642.272896050,83,2,83,2,4,244,0
E,1642.321898192,85,2,85,2,5,244,0
E,1642.370900446,85,2,85,2,4,244,0
E,1642.420017248,82,2,82,2,5,244,0
E,1642.478705332,80,2,80,2,4,244,0
E,1642.527707684,79,2,79,2,4,244,0
E,1642.576709938,77,2,77,2,4,244,0
E,1642.625826250,76,2,76,2,4,244,0
E,1642.684514852,74,2,74,2,4,244,0
E,1642.733517022,72,2,72,2,4,244,0
E,1642.782519346,72,2,72,2,4,244,0
E,1642.831635784,73,2,73,2,5,244,0
E,1642.890324260,70,2,70,2,5,244,0
E,1642.939326556,67,2,67,2,5,244,0
E,1643.008328684,63,2,63,2,5,244,0
E,1643.057445374,58,2,58,2,6,244,0
E,1643.116133542,53,2,53,2,6,151,0
E,1643.165135782,50,2,50,2,6,151,0
E,1643.214138008,47,2,47,2,6,151,0
E,1643.264024992,45,2,45,2,6,151,0
E,1643.321943034,44,2,44,2,6,151,0
E,1643.370945316,44,2,44,2,6,151,0
E,1643.419947668,43,2,43,2,6,151,0
E,1643.469063938,41,2,41,2,7,151,0
E,1643.527752400,39,2,39,2,9,151,0
E,1643.576754682,38,2,38,2,10,151,0
E,1643.625756754,36,2,36,2,11,151,0
E,1643.674873556,35,2,35,2,13,151,0
E,1643.733561892,34,2,34,2,15,151,0
E,1643.782563992,32,2,32,2,16,151,0
E,1643.831566316,30,2,30,2,17,151,0
E,1643.880682796,29,2,29,2,19,151,0
E,1643.939371258,29,2,29,2,20,151,0
E,1644.008373400,29,2,29,2,22,151,0
E,1644.057375794,28,2,28,2,23,151,0
E,1644.106492162,26,2,26,2,24,151,0
E,1644.165180652,25,2,25,2,26,190,0
E,1644.214182808,25,2,25,2,28,190,0
E,1644.263185090,25,2,25,2,29,190,0
E,1644.370990144,24,2,24,2,32,190,0
E,1644.419992342,24,2,24,2,34,190,0
E,1644.468994526,24,2,24,2,35,190,0
E,1644.518111188,23,2,23,2,36,190,0
E,1644.576799496,23,2,23,2,38,190,0
E,1644.625801736,23,2,23,2,39,190,0
E,1644.723920526,22,2,22,2,42,190,0
E,1644.782608778,21,2,21,2,44,190,0
E,1644.831611186,21,2,21,2,45,190,0
E,1644.880613272,21,2,21,2,47,190,0
E,1644.929729878,21,2,21,2,48,190,0
E,1645.008418144,20,2,20,2,49,190,0
E,1645.057420510,20,2,20,2,51,190,0
E,1645.106422848,20,2,20,2,52,190,0
E,1645.155539216,20,2,20,2,54,190,0
E,1645.214227594,20,2,20,2,55,150,0
E,1645.263229778,20,2,20,2,56,150,0
E,1645.312232144,21,2,21,2,58,150,0
E,1645.362000870,22,2,22,2,59,150,0
E,1645.420037114,22,2,22,2,61,150,0
E,1645.469039298,22,2,22,2,62,150,0
E,1645.518041426,22,2,22,2,63,150,0
E,1645.567158172,22,2,22,2,65,150,0
E,1645.625846368,22,2,22,2,66,150,0
E,1645.674848776,22,2,22,2,68,150,0
E,1645.723850876,22,2,22,2,69,150,0
E,1646.018377800,31,2,31,2,76,150,0
E,1646.077066192,30,2,30,2,77,150,0
E,1646.126068306,30,2,30,2,78,150,0
E,1646.175070630,29,2,29,2,78,150,0
E,1646.224187222,27,2,27,2,78,150,0
E,1646.282875726,25,2,25,2,79,150,0
E,1646.331877798,24,2,24,2,79,150,0
E,1646.380880066,23,2,23,2,80,150,0
E,1646.429996728,22,2,22,2,80,150,0
E,1646.488685092,22,2,22,2,81,150,0
E,1646.537687248,21,2,21,2,81,150,0
E,1646.586689488,20,2,20,2,81,150,0
E,1646.635807914,18,2,18,2,81,150,0
E,1646.694494388,17,2,17,2,81,150,0
E,1646.743496684,16,2,16,2,82,150,0
E,1646.792498854,16,2,16,2,82,150,0
E,1646.841616664,16,2,16,2,82,150,0
E,1646.900303824,15,2,15,2,82,150,0
E,1646.949305980,14,2,14,2,82,150,0
E,1647.018308332,13,2,13,2,82,150,0
E,1647.067426114,12,2,12,2,83,150,0
E,1647.126113246,12,2,12,2,83,150,0
E,1647.175115332,11,2,11,2,83,150,0
E,1647.224117600,11,2,11,2,83,150,0
E,1647.273235634,10,2,10,2,83,150,0
E,1647.331922668,10,2,10,2,83,143,0
E,1647.380924824,10,2,10,2,83,143,0
E,1647.429927148,9,2,9,2,83,143,0
E,1647.479695426,9,2,9,2,83,143,0
E,1647.537732034,10,2,10,2,84,143,0
E,1647.586734358,12,2,12,2,84,143,0
E,1647.635736472,13,2,13,2,84,143,0
E,1647.684853260,13,2,13,2,84,143,0
E,1647.743541484,14,2,14,2,84,143,0
E,1647.792543598,15,2,15,2,84,143,0
E,1647.841545964,15,2,15,2,84,143,0
E,1647.890662710,15,2,15,2,83,143,0
E,1647.949350780,15,2,15,2,83,143,0
E,1648.018353146,14,2,14,2,83,143,0
E,1648.116471880,13,2,13,2,82,143,0
E,1648.175160328,13,2,13,2,81,143,0
E,1648.224162400,13,2,13,2,81,143,0
E,1648.273164836,13,2,13,2,81,143,0
E,1648.322281232,14,2,14,2,81,143,0
E,1648.380969708,19,2,19,2,80,145,0
E,1648.429972018,21,2,21,2,80,145,0
E,1648.478974034,21,2,21,2,79,145,0
E,1648.528090640,21,2,21,2,79,145,0
E,1648.586778934,21,2,21,2,78,145,0
E,1648.635781300,22,2,22,2,77,145,0
E,1648.684783526,24,2,24,2,76,145,0
E,1648.733900118,28,2,28,2,76,145,0
E,1648.792588412,32,2,32,2,74,145,0
E,1648.841590666,33,2,33,2,73,145,0
E,1648.890593060,35,2,35,2,73,145,0
E,1648.939709470,37,2,37,2,71,145,0
E,1649.018397848,40,2,40,2,69,145,0
E,1649.067400144,43,2,43,2,67,145,0
E,1649.116402412,44,2,44,2,64,145,0
E,1649.165518920,43,2,43,2,61,145,0
E,1649.224207270,44,2,44,2,58,145,0
E,1649.273209342,46,2,46,2,55,145,0
E,1649.322211680,47,2,47,2,53,145,0
E,1649.371328370,49,2,49,2,50,145,0
E,1649.430016972,50,2,50,2,46,148,0
E,1649.479018820,51,2,51,2,43,148,0
E,1649.528021018,53,2,53,2,40,148,0
E,1649.577790458,54,2,54,2,37,148,0
E,1649.635826044,55,2,55,2,33,148,0
E,1649.684828354,57,2,57,2,30,148,0
E,1649.733830552,61,2,61,2,27,148,0
E,1649.782947102,64,2,64,2,23,148,0
E,1649.841635480,68,2,68,2,18,148,0
E,1649.890637650,72,2,72,2,14,148,0
E,1649.939640086,77,2,77,2,9,148,0
E,1650.008756566,84,2,84,2,6,148,0
E,1650.067445014,91,2,91,2,4,148,0
E,1650.116447128,94,2,94,2,4,148,0
E,1650.165449536,95,2,95,2,4,148,0
E,1650.214564616,96,2,96,2,4,148,0
E,1650.273254212,95,2,95,2,4,148,0
E,1650.322256662,93,2,93,2,4,148,0
E,1650.371258720,91,2,91,2,4,148,0
E,1650.420374178,90,2,90,2,4,148,0
E,1650.479063606,90,2,90,2,4,237,0
E,1650.528065776,89,2,89,2,4,237,0
E,1650.577068212,88,2,88,2,4,237,0
E,1650.626183474,89,2,89,2,4,237,0
E,1650.684873140,92,2,92,2,4,237,0
E,1650.733875338,92,2,92,2,4,237,0
E,1650.782877676,91,2,91,2,4,237,0
E,1650.831993456,92,2,92,2,4,237,0
E,1650.890682478,93,2,93,2,4,237,0
E,1650.939684886,91,2,91,2,4,237,0
E,1651.008687014,90,2,90,2,4,237,0
E,1651.057802836,89,2,89,2,4,237,0
E,1651.116491858,87,2,87,2,4,237,0
E,1651.165494196,82,2,82,2,4,237,0
E,1651.214496422,77,2,77,2,5,237,0
E,1651.263612174,72,2,72,2,5,237,0
E,1651.322301322,66,2,66,2,5,237,0
E,1651.371303604,62,2,62,2,6,237,0
E,1651.420305704,58,2,58,2,6,237,0
E,1651.469421876,54,2,54,2,6,237,0
E,1651.528110912,50,2,50,2,6,142,0
E,1651.577112998,47,2,47,2,6,142,0
E,1651.626115252,44,2,44,2,6,142,0
E,1651.675883250,41,2,41,2,6,142,0
E,1651.733920166,38,2,38,2,6,142,0
E,1651.782922462,37,2,37,2,7,142,0
E,1651.831924744,38,2,38,2,7,142,0
E,1651.881040440,39,2,39,2,7,142,0
E,1651.939729504,38,2,38,2,7,142,0
E,1652.008731940,37,2,37,2,7,142,0
E,1652.057733970,37,2,37,2,8,142,0
E,1652.106849554,37,2,37,2,9,142,0
E,1652.165538926,38,2,38,2,11,142,0
E,1652.214541180,40,2,40,2,11,142,0
E,1652.263543448,40,2,40,2,11,142,0
E,1652.312659326,40,2,40,2,11,142,0
E,1652.371348236,41,2,41,2,11,142,0
E,1652.420350532,43,2,43,2,12,142,0
E,1652.469352828,44,2,44,2,12,142,0
E,1652.518468706,43,2,43,2,12,142,0
E,1652.577157630,42,2,42,2,12,285,0
E,1652.626160122,42,2,42,2,12,285,0
E,1652.675162404,42,2,42,2,13,285,0
E,1652.724278282,41,2,41,2,13,285,0
E,1652.782967122,40,2,40,2,14,285,0
E,1652.831969390,39,2,39,2,16,285,0
E,1652.880971574,40,2,40,2,17,285,0
E,1652.930087522,42,2,42,2,18,285,0
E,1653.008776516,45,2,45,2,20,285,0
E,1653.057778840,48,2,48,2,21,285,0
E,1653.106780968,50,2,50,2,22,285,0
E,1653.155896734,50,2,50,2,24,285,0
E,1653.214586050,52,2,52,2,26,285,0
E,1653.263588122,53,2,53,2,28,285,0
E,1653.312590670,53,2,53,2,31,285,0
E,1653.361706044,54,2,54,2,33,285,0
E,1653.420395318,56,2,56,2,36,592,0
E,1653.469397950,58,2,58,2,39,592,0
E,1653.518399896,59,2,59,2,43,592,0
E,1653.567515676,59,2,59,2,47,592,0
E,1653.626204894,61,2,61,2,52,592,0
E,1653.675207008,63,2,63,2,56,592,0
E,1653.724209346,67,2,67,2,61,592,0
E,1653.773978142,73,3,73,3,68,592,0
E,1653.832014190,93,39,93,39,75,592,0
E,1653.881016360,124,82,100,82,79,592,0
E,1653.930018782,156,120,100,100,84,592,0
E,1654.008934898,182,150,100,100,92,592,0
E,1654.067623948,188,161,100,100,95,592,0
E,1654.116626272,186,157,100,100,96,592,0
E,1654.175429156,184,153,100,100,96,592,0
E,1654.224544796,175,144,100,100,96,592,0
E,1654.283233846,156,130,100,100,95,592,0
E,1654.332236114,141,120,100,100,94,592,0
E,1654.391038774,122,106,100,100,94,592,0
E,1654.449955114,105,96,100,96,94,592,0
E,1654.508644094,92,93,92,93,94,280,0
E,1654.557646348,82,89,82,89,94,280,0
E,1654.606648644,73,82,73,82,93,280,0
E,1654.655764592,67,80,67,80,93,280,0
E,1654.714453600,60,78,60,78,94,280,0
E,1654.812458178,50,74,50,74,95,280,0
E,1654.861573846,46,70,46,70,96,280,0
E,1654.920263092,41,64,41,64,97,280,0
E,1654.969265122,39,61,39,61,97,280,0
E,1655.038267642,37,58,37,58,98,280,0
E,1655.087383226,36,56,36,56,98,280,0
E,1655.146072318,34,54,34,54,99,280,0
E,1655.195074586,34,53,34,53,99,280,0
E,1655.244076924,35,57,35,57,100,280,0
E,1655.293192676,37,61,37,61,100,280,0
E,1655.351881768,39,65,39,65,101,280,0
E,1655.400884162,40,68,40,68,101,280,0
E,1655.449886458,42,72,42,72,101,280,0
E,1655.499002672,42,75,42,75,102,280,0
E,1655.557691344,41,75,41,75,103,473,0
E,1655.606693374,41,74,41,74,103,473,0
E,1655.655695656,42,76,42,76,104,473,0
E,1655.704812262,42,79,42,79,103,473,0
E,1655.763500570,42,80,42,80,104,473,0
E,1655.812502880,42,80,42,80,104,473,0
E,1655.861504980,41,80,41,80,104,473,0
E,1655.911274364,40,79,40,79,103,473,0
E,1655.969309992,44,95,44,95,103,473,0
E,1656.038312274,49,107,49,100,104,473,0
E,1656.087314472,52,111,52,100,103,473,0
E,1656.136431176,55,113,55,100,103,473,0
E,1656.195119372,56,112,56,100,103,473,0
E,1656.244121738,59,108,59,100,103,473,0
E,1656.293123978,63,104,63,100,103,473,0
E,1656.567650734,92,84,92,84,98,473,0
E,1656.626339056,87,70,87,70,96,1088,0
E,1656.685141912,79,58,79,58,94,1088,0
E,1656.734143984,85,61,85,61,92,1088,0
E,1656.793060926,110,84,100,84,91,1088,0
E,1656.851749374,120,97,100,97,89,1088,0
E,1656.910552146,115,96,100,96,87,1088,0
E,1656.969354890,108,91,100,91,86,1088,0
E,1657.048271972,101,89,100,89,84,1088,0
E,1657.106960014,97,88,97,88,82,1088,0
E,1657.155962464,94,88,94,88,81,1088,0
E,1657.204964690,92,88,92,88,79,1088,0
E,1657.254081464,91,88,91,88,78,1088,0
E,1657.312769702,92,90,92,90,77,1088,0
E,1657.371572362,92,93,92,93,75,1088,0
E,1657.420574350,92,98,92,98,74,1088,0
E,1657.469691446,93,106,93,100,73,1088,0
E,1657.528379390,93,120,93,100,71,1088,0
E,1657.577381588,92,125,92,100,70,1088,0
E,1657.636184318,93,127,93,100,68,1088,0
E,1657.695101624,93,133,93,100,67,1088,0
E,1657.753789778,92,138,92,100,65,145,0
E,1657.802791934,92,141,92,100,64,145,0
E,1657.851794300,95,144,95,100,63,145,0
E,1657.900910878,97,145,97,100,62,145,0
E,1657.959599214,100,151,100,100,60,145,0
E,1658.028601454,104,161,100,100,59,145,0
E,1658.077603736,108,167,100,100,58,145,0
E,1658.127515808,109,163,100,100,56,145,0
E,1658.185408664,109,162,100,100,55,145,0
E,1658.244211184,107,160,100,100,54,145,0
E,1658.293213536,109,161,100,100,53,145,0
E,1658.352130758,111,168,100,100,52,145,0
E,1658.410818926,108,173,100,100,50,145,0
E,1658.469621614,112,175,100,100,49,145,0
E,1658.528424260,124,184,100,100,47,145,0
E,1658.577540922,130,193,100,100,46,145,0
E,1658.636229104,134,201,100,100,45,144,0
E,1658.685231302,138,209,100,100,43,144,0
E,1658.744034116,143,215,100,100,42,144,0
E,1658.802951996,153,226,100,100,40,144,0
E,1658.861639520,160,236,100,100,39,144,0
E,1658.920442180,161,245,100,100,38,144,0
E,1658.969444294,160,254,100,100,37,144,0
E,1659.048362328,160,255,100,100,36,144,0
E,1659.107049824,159,253,100,100,35,144,0
E,1659.156051966,157,253,100,100,34,144,0
E,1659.214854626,155,251,100,100,34,144,0
E,1659.263972352,151,245,100,100,33,144,0
E,1659.322659582,144,238,100,100,32,144,0
E,1659.381462326,142,235,100,100,31,144,0
E,1659.430464552,140,236,100,100,30,144,0
E,1659.489382572,133,235,100,100,30,144,0
E,1659.548069844,131,229,100,100,29,144,0
E,1659.606872756,130,223,100,100,28,144,0
E,1659.665675304,122,216,100,100,28,144,0
E,1659.714792708,111,207,100,100,28,144,0
E,1659.773480246,103,199,100,100,28,143,0
E,1659.822482472,99,201,99,100,28,143,0
E,1659.871484698,95,203,95,100,28,143,0
E,1659.930401976,93,205,93,100,28,143,0
E,1660.009090046,88,197,88,100,28,143,0
E,1660.058092342,81,169,81,100,28,143,0
E,1660.107094624,72,144,72,100,30,143,0
E,1660.166012392,63,119,63,100,34,143,0
E,1660.224699916,55,98,55,98,39,143,0
E,1660.273702198,52,84,52,84,43,143,0
E,1660.322704536,50,72,50,72,46,143,0
E,1660.372470070,47,61,47,61,49,143,0
E,1660.430509352,41,50,41,50,50,143,0
E,1660.479511634,38,43,38,43,51,143,0
E,1660.528513930,35,37,35,37,51,143,0
E,1660.577631208,32,32,32,32,51,143,0
E,1660.636318984,28,27,28,27,52,218,0
E,1660.685321112,25,23,25,23,53,218,0
E,1660.734323240,23,20,23,20,53,218,0
E,1660.783441302,21,17,21,17,53,218,0
E,1660.842128140,20,15,20,15,53,218,0
E,1660.891130422,20,13,20,13,53,218,0
E,1660.940132522,20,11,20,11,54,218,0
E,1661.009250542,19,10,19,10,54,218,0
E,1661.067937702,17,9,17,9,55,218,0
E,1661.116939886,16,8,16,8,55,218,0
E,1661.165941916,16,7,16,7,56,218,0
E,1661.215060132,15,6,15,6,56,218,0
E,1661.273746900,16,6,16,6,58,218,0
E,1661.322749210,16,5,16,5,58,218,0
E,1661.371751464,17,5,17,5,59,218,0
E,1661.420869470,18,5,18,5,60,218,0
E,1661.479556308,18,4,18,4,61,218,0
E,1661.528558618,18,4,18,4,61,218,0
E,1661.577560872,18,4,18,4,62,218,0
E,1661.626678808,18,3,18,3,63,218,0
E,1661.685365800,18,3,18,3,65,142,0
E,1661.734367956,18,3,18,3,65,142,0
E,1661.783370196,19,3,19,3,66,142,0
E,1661.832488118,21,3,21,3,67,142,0
E,1661.891175208,21,3,21,3,68,142,0
E,1661.940177294,21,3,21,3,69,142,0
E,1662.009179688,21,3,21,3,70,142,0
E,1662.058297722,22,3,22,3,71,142,0
E,1662.116984518,21,3,21,3,71,142,0
E,1662.165986786,21,3,21,3,72,142,0
E,1662.214988914,21,2,21,2,72,142,0
E,1662.264106934,21,2,21,2,72,142,0
E,1662.322793926,19,2,19,2,72,142,0
E,1662.371796166,17,2,17,2,72,142,0
E,1662.420798574,16,2,16,2,72,142,0
E,1662.470564598,15,2,15,2,72,142,0
E,1662.528603376,13,2,13,2,72,142,0
E,1662.577605574,12,2,12,2,72,142,0
E,1662.626607856,11,2,11,2,72,142,0
E,1662.675725722,10,2,10,2,72,142,0
E,1662.734412868,9,2,9,2,72,142,0
E,1662.783414968,9,2,9,2,72,142,0
E,1662.832417348,9,2,9,2,72,142,0
E,1662.881535312,8,2,8,2,72,142,0
E,1662.940222094,8,2,8,2,72,142,0
E,1663.009224502,7,2,7,2,72,142,0
E,1663.058226644,7,2,7,2,72,142,0
E,1663.107344832,7,2,7,2,72,142,0
E,1663.166031614,7,2,7,2,72,142,0
E,1663.215033658,7,2,7,2,72,142,0
E,1663.264036010,6,2,6,2,72,142,0
E,1663.313154114,6,2,6,2,72,142,0
E,1663.371840854,6,2,6,2,72,142,0
E,1663.420843108,6,2,6,2,72,142,0
E,1663.469845418,6,2,6,2,72,142,0
E,1663.518962850,6,2,6,2,72,142,0
E,1663.577650416,6,2,6,2,72,142,0
E,1663.626652614,6,2,6,2,72,142,0
E,1663.675654868,6,2,6,2,72,142,0
E,1663.724771670,6,2,6,2,72,142,0
E,1663.783459894,6,2,6,2,72,142,0
E,1663.832461994,6,2,6,2,72,142,0
E,1663.881464388,6,2,6,2,72,142,0
E,1663.930580798,6,2,6,2,72,142,0
E,1664.009269190,6,2,6,2,72,142,0
E,1664.058271318,6,2,6,2,72,142,0
E,1664.107273558,6,2,6,2,72,142,0
E,1664.156390318,6,2,6,2,72,142,0
E,1664.215078612,6,2,6,2,72,142,0
E,1664.264080922,5,2,5,2,72,142,0
E,1664.313082994,5,2,5,2,72,142,0
E,1664.362199950,5,2,5,2,72,142,0
E,1664.420888188,5,2,5,2,72,142,0
E,1664.469890204,5,2,5,2,72,142,0
E,1664.518892402,6,2,6,2,72,142,0
E,1664.568658006,6,2,6,2,72,142,0
E,1664.626697470,6,2,6,2,72,142,0
E,1664.675699654,6,2,6,2,72,142,0
E,1664.724701810,6,2,6,2,72,142,0
E,1664.773819186,5,2,5,2,72,142,0
E,1664.832506780,5,2,5,2,72,143,0
E,1664.881509034,5,2,5,2,72,143,0
E,1664.930511386,5,2,5,2,72,143,0
E,1664.979628566,5,2,5,2,72,143,0
E,1665.058316342,5,2,5,2,72,143,0
E,1665.107318540,5,2,5,2,72,143,0
E,1665.156320626,5,2,5,2,72,143,0
E,1665.205438128,5,2,5,2,72,143,0
E,1665.264125624,5,2,5,2,72,143,0
E,1665.313127864,5,2,5,2,72,143,0
E,1665.362130062,6,2,6,2,72,143,0
E,1665.411247354,7,2,7,2,72,143,0
E,1665.469935242,10,2,10,2,72,143,0
E,1665.518937202,12,2,12,2,72,143,0
E,1665.567939498,12,2,12,2,72,143,0
E,1665.617056622,13,2,13,2,72,143,0
E,1665.675744370,14,2,14,2,71,143,0
E,1665.724746722,15,2,15,2,70,143,0
E,1665.773748836,16,2,16,2,70,143,0
E,1665.822866254,16,2,16,2,69,143,0
E,1665.881553904,17,2,17,2,69,142,0
E,1665.930556228,20,2,20,2,68,142,0
E,1665.979558244,24,2,24,2,68,142,0
E,1666.048674934,27,2,27,2,67,142,0
E,1666.107363158,29,2,29,2,67,142,0
E,1666.156365580,31,2,31,2,66,142,0
E,1666.205367820,34,2,34,2,65,142,0
E,1666.254484566,37,2,37,2,62,142,0
E,1666.313172748,42,2,42,2,59,142,0
E,1666.362174946,44,2,44,2,55,142,0
E,1666.411177088,46,2,46,2,52,142,0
E,1666.460293722,49,2,49,2,49,142,0
E,1666.518982114,52,2,52,2,44,142,0
E,1666.567984172,55,2,55,2,40,142,0
E,1666.616986622,58,2,58,2,36,142,0
E,1666.666656452,67,17,66,16,31,142,0
E,1666.724791466,86,63,86,63,27,142,0
E,1666.773793650,96,91,96,91,26,142,0
E,1666.822795876,97,101,97,100,26,142,0
E,1666.881712832,97,111,97,100,26,142,0
E,1667.293616624,111,173,100,100,24,158,0
E,1667.342732992,109,179,100,100,24,158,0
E,1667.401421412,107,186,100,100,24,158,0
E,1667.460224198,103,189,100,100,24,158,0
E,1667.519026928,99,189,99,100,24,158,0
E,1667.568143310,101,193,100,100,24,158,0
E,1667.626831730,105,198,100,100,24,158,0
E,1667.685634628,105,201,100,100,24,158,0
E,1667.744437134,103,209,100,100,25,158,0
E,1667.803353992,108,213,100,100,25,158,0
E,1667.920845296,107,169,100,100,26,144,0
E,1667.979647998,101,140,100,100,26,144,0
E,1668.058563722,97,115,97,100,26,144,0
E,1668.117253276,97,98,97,98,26,144,0
E,1668.166255572,113,112,100,100,26,144,0
E,1668.225058134,126,131,100,100,26,144,0
E,1668.283974068,117,143,100,100,26,144,0
E,1668.342663524,111,158,100,100,26,144,0
E,1668.401466296,107,164,100,100,26,144,0
E,1668.460269068,103,169,100,100,26,144,0
E,1668.519184848,99,181,99,100,26,144,0
E,1668.577874332,97,190,97,100,26,144,0
E,1668.626876698,96,191,96,100,26,144,0
E,1668.685679344,96,190,96,100,26,144,0
E,1668.734794718,93,188,93,100,26,144,0
E,1668.793484230,86,187,86,100,27,144,0
E,1668.842486414,80,186,80,100,28,144,0
E,1668.891488612,75,183,75,100,30,144,0
E,1668.941157546,71,186,71,100,34,144,0
E,1669.019293624,65,189,65,100,38,151,0
E,1669.068295822,62,187,62,100,42,151,0
E,1669.117298230,60,184,60,100,47,151,0
E,1669.166413534,57,181,57,100,52,151,0
E,1669.225102976,55,175,55,100,57,151,0
E,1669.274105174,53,168,53,100,61,151,0
E,1669.323107414,51,157,51,100,66,151,0
E,1669.382023460,48,144,48,100,72,151,0
E,1669.440712930,46,141,46,100,78,151,0
E,1669.489715212,47,144,47,100,82,151,0
E,1669.548517690,52,155,52,100,88,151,0
E,1669.597632924,58,162,58,100,92,151,0
E,1669.656322828,69,168,69,100,95,151,0
E,1669.705324872,74,165,74,100,98,151,0
E,1669.754327252,67,147,67,100,99,151,0
E,1669.813242584,58,121,58,100,101,151,0
E,1669.871932530,51,105,51,100,105,151,0
E,1669.930735330,50,127,50,100,108,151,0
E,1670.009537990,49,147,49,100,112,151,0
E,1670.058652748,46,146,46,100,114,151,0
E,1670.117342806,45,143,45,100,117,457,0
E,1670.176145438,43,138,43,100,120,457,0
E,1670.234948224,41,135,41,100,123,457,0
E,1670.284063094,41,131,41,100,125,457,0
E,1670.342753222,44,130,44,100,126,457,0
E,1670.391755434,54,141,54,100,126,457,0
E,1670.450558038,63,148,63,100,126,457,0
E,1670.509473160,58,130,58,100,126,457,0
E,1670.568163484,53,107,53,100,126,457,0
E,1670.626966088,48,89,48,89,126,457,0
E,1670.675968328,45,76,45,76,126,457,0
E,1670.725083030,42,65,42,65,126,457,0
E,1670.783773270,39,53,39,53,126,457,0
E,1670.832775580,38,46,38,46,126,457,0
E,1670.881777876,37,39,37,39,125,457,0
E,1670.930891836,35,34,35,34,124,457,0
E,1671.009582622,33,28,33,28,123,1239,0
E,1671.058584988,33,24,33,24,121,1239,0
E,1671.107587018,32,21,32,21,120,1239,0
E,1671.157254426,30,18,30,18,119,1239,0
E,1671.215392184,30,15,30,15,118,1239,0
E,1671.264394312,31,14,31,14,118,1239,0
E,1671.323196986,32,12,32,12,117,1239,0
E,1671.372310918,34,10,34,10,116,1239,0
E,1671.431001900,40,9,40,9,114,1239,0
E,1671.480004196,44,8,44,8,111,1239,0
E,1671.529006282,44,7,44,7,108,1239,0
E,1671.578120662,43,7,43,7,105,1239,0
E,1671.636811476,43,6,43,6,101,1239,0
E,1671.685813688,45,5,45,5,98,1239,0
E,1671.734815900,48,5,48,5,95,1239,0
E,1671.783930000,49,5,49,5,92,1239,0
E,1671.842620730,49,4,49,4,87,1239,0
E,1671.901423530,50,4,50,4,83,1239,0
E,1671.960226246,50,4,50,4,79,1239,0
E,1672.039140276,49,4,49,4,75,1239,0
E,1672.097831426,51,4,51,4,71,170,0
E,1672.146833806,53,3,53,3,67,170,0
E,1672.195835878,54,3,54,3,64,170,0
E,1672.244949740,67,31,67,31,60,170,0
E,1672.303640806,85,75,85,75,58,170,0
E,1672.362443494,87,98,87,98,57,170,0
E,1672.421246280,84,113,84,100,58,170,0
E,1672.470360100,82,121,82,100,59,170,0
E,1672.529051180,82,126,82,100,60,170,0
E,1672.587854008,82,134,82,100,61,170,0
E,1672.646656696,84,141,84,100,63,170,0
E,1672.705570824,84,142,84,100,63,170,0
E,1672.764262212,82,143,82,100,64,170,0
E,1672.813264312,81,146,81,100,64,170,0
E,1672.872066874,83,153,83,100,65,170,0
E,1672.921180554,84,154,84,100,65,170,0
E,1672.979871760,83,155,83,100,65,170,0
E,1673.048874056,82,156,82,100,65,170,0
E,1673.097876548,81,157,81,100,65,170,0
E,1673.146989962,83,165,83,100,65,170,0
E,1673.205681238,83,175,83,100,65,341,0
E,1673.254683604,84,176,84,100,65,341,0
E,1673.303685844,84,173,84,100,65,341,0
E,1673.353352986,82,170,82,100,65,341,0
E,1673.411490646,76,169,76,100,65,341,0
E,1673.470293376,69,167,69,100,66,341,0
E,1673.519295574,66,166,66,100,68,341,0
E,1673.568409380,66,167,66,100,69,341,0
E,1673.627100432,67,166,67,100,71,341,0
E,1673.676102952,65,164,65,100,73,341,0
E,1673.725105066,61,162,61,100,75,341,0
E,1673.774218536,58,156,58,100,77,341,0
E,1673.832909910,56,149,56,100,81,341,0
E,1673.881912192,55,146,55,100,83,341,0
E,1673.930914432,54,142,54,100,86,341,0
E,1674.000030492,52,134,52,100,88,341,0
E,1674.058719500,52,128,52,100,91,703,0
E,1674.107721656,52,127,52,100,94,703,0
E,1674.166524232,50,121,50,100,97,703,0
E,1674.215639242,50,109,50,100,100,703,0
E,1674.274329076,50,99,50,99,103,703,0
E,1674.323331484,51,96,51,96,105,703,0
E,1674.372334018,53,95,53,95,107,703,0
E,1674.421448762,55,94,55,94,109,703,0
E,1674.480138596,55,92,55,92,111,703,0
E,1674.529140724,53,91,53,91,111,703,0
E,1674.578143132,52,88,52,88,113,703,0
E,1674.637058450,50,82,50,82,114,703,0
E,1674.695748382,49,79,49,79,115,703,0
E,1674.744750706,47,80,47,80,116,703,0
E,1674.793752890,45,79,45,79,116,703,0
E,1674.842867732,44,74,44,74,117,703,0
E,1674.901558000,45,73,45,73,117,703,0
E,1674.950560016,45,73,45,73,117,703,0
E,1675.019562284,44,71,44,71,118,703,0
E,1675.068677224,42,66,42,66,118,703,0
E,1675.127367184,43,64,43,64,118,1122,0
E,1675.176369536,42,63,42,63,117,1122,0
E,1675.235172154,40,61,40,61,118,1122,0
E,1675.284287374,41,62,41,62,118,1122,0
E,1675.342977054,44,63,44,63,118,1122,0
E,1675.391979322,45,64,45,64,118,1122,0
E,1675.440981464,45,63,45,63,118,1122,0
E,1675.490649894,45,62,45,62,118,1122,0
E,1675.548786560,47,64,47,64,117,1122,0
E,1675.597788688,49,64,49,64,118,1122,0
E,1675.646790970,49,63,49,63,118,1122,0
E,1675.695905980,46,62,46,62,117,1122,0
E,1675.754595926,42,61,42,61,118,1122,0
E,1675.803598180,41,58,41,58,118,1122,0
E,1675.852600504,41,59,41,59,118,1122,0
E,1675.901715486,41,62,41,62,117,1122,0
E,1675.960405362,41,63,41,63,118,1122,0
E,1676.029407574,42,62,42,62,118,1122,0
E,1676.078409688,43,62,43,62,118,1122,0
E,1676.127523466,42,62,42,62,118,1122,0
E,1676.186214812,43,63,43,63,118,678,0
E,1676.235217024,44,64,44,64,118,678,0
E,1676.284219376,43,64,43,64,117,678,0
E,1676.333333084,44,64,44,64,118,678,0
E,1676.392024136,44,62,44,62,118,678,0
E,1676.441026502,43,60,43,60,118,678,0
E,1676.490028588,43,60,43,60,118,678,0
E,1676.539142296,43,60,43,60,118,678,0
E,1676.597833558,42,59,42,59,117,678,0
E,1676.646835714,42,60,42,60,118,678,0
E,1676.695838038,42,61,42,61,118,678,0
E,1676.744951830,42,61,42,61,118,678,0
E,1676.803642966,41,59,41,59,118,678,0
E,1676.852645206,41,58,41,58,118,678,0
E,1676.901647306,43,60,43,60,118,678,0
E,1676.950761084,46,62,46,62,118,678,0
E,1677.029452234,48,62,48,62,118,678,0
E,1677.078454530,50,64,50,64,118,678,0
E,1677.127456784,53,67,53,67,118,678,0
E,1677.176570618,54,67,54,67,118,678,0
E,1677.235261810,53,66,53,66,118,613,0
E,1677.284263924,54,69,54,69,118,613,0
E,1677.333266248,55,71,55,71,118,613,0
E,1677.382379970,55,68,55,68,117,613,0
E,1677.441071120,52,65,52,65,118,613,0
E,1677.490073290,53,64,53,64,118,613,0
E,1677.539075530,56,63,56,63,117,613,0
E,1677.588742756,59,63,59,63,117,613,0
E,1677.862490580,50,58,50,58,112,613,0
E,1677.911492526,50,58,50,58,111,613,0
E,1677.960495004,48,56,48,56,111,613,0
E,1678.029608530,46,55,46,55,110,613,0
E,1678.088299820,49,60,49,60,110,613,0
E,1678.137302032,54,67,54,67,110,613,0
E,1678.186304230,57,73,57,73,109,613,0
E,1678.235418050,62,79,62,79,110,613,0
E,1678.294109228,68,89,68,89,109,292,0
E,1678.343111328,72,96,72,96,109,292,0
E,1678.401914408,78,98,78,98,109,292,0
E,1678.451027780,83,98,83,98,109,292,0
E,1678.509718958,85,95,85,95,108,292,0
E,1678.558721296,82,93,82,93,108,292,0
E,1678.607723578,79,90,79,90,108,292,0
E,1678.656838504,78,87,78,87,107,292,0
E,1678.715528590,79,85,79,85,106,292,0
E,1678.764530690,80,82,80,82,104,292,0
E,1678.813533028,78,79,78,79,103,292,0
E,1678.862648010,75,76,75,76,102,292,0
E,1678.921340854,76,72,76,72,100,292,0
E,1678.970340084,80,70,80,70,99,292,0
E,1679.039342254,88,70,88,70,98,292,0
E,1679.088457334,94,69,94,69,96,292,0
E,1679.147147434,97,69,97,69,93,292,0
E,1679.196149422,96,69,96,69,91,292,0
E,1679.245151746,92,68,92,68,88,292,0
E,1679.294266742,91,65,91,65,86,292,0
E,1679.352956716,94,64,94,64,82,334,0
E,1679.401958788,96,64,96,64,80,334,0
E,1679.500076262,100,67,100,67,74,334,0
E,1679.558765998,100,72,100,72,71,334,0
E,1679.607768280,102,81,100,81,68,334,0
E,1679.666571024,106,92,100,92,67,334,0
E,1679.716242506,109,96,100,96,67,334,0
E,1679.774375966,112,98,100,98,66,334,0
E,1679.833178626,113,106,100,100,65,334,0
E,1679.882183778,113,112,100,100,65,334,0
E,1679.941096730,112,116,100,100,63,334,0
E,1680.019786368,111,120,100,100,63,334,0
E,1680.068791240,113,119,100,100,62,334,0
E,1680.127591282,113,116,100,100,61,334,0
E,1680.186507062,115,115,100,100,60,334,0
E,1680.245199444,121,115,100,100,58,162,0
E,1680.294198786,125,122,100,100,57,162,0
E,1680.353001460,130,130,100,100,56,162,0
E,1680.411917352,135,134,100,100,54,162,0
E,1680.470606878,137,139,100,100,53,162,0
E,1680.529433338,141,148,100,100,52,162,0
E,1680.588212310,148,161,100,100,51,162,0
E,1680.647128104,151,177,100,100,50,162,0
E,1680.705817532,149,184,100,100,49,162,0
E,1680.764620234,145,184,100,100,48,162,0
E,1680.823449564,155,190,100,100,47,162,0
E,1680.872538576,162,192,100,100,46,162,0
E,1680.931228060,165,191,100,100,46,162,0
E,1681.010030594,169,196,100,100,45,162,0
E,1681.068833324,169,205,100,100,44,162,0
E,1681.127778490,165,207,100,100,44,162,0
E,1681.186438658,156,215,100,100,43,162,0
E,1681.245241388,149,225,100,100,43,162,0
E,1681.304044076,141,229,100,100,43,162,0
E,1681.362959786,139,228,100,100,42,162,0
E,1681.421681610,136,232,100,100,42,144,0
E,1681.470651776,128,233,100,100,42,144,0
E,1681.529454310,115,217,100,100,43,144,0
E,1681.588370314,102,179,100,100,43,144,0
E,1681.647059770,93,147,93,100,43,144,0
E,1681.705862304,85,122,85,100,43,144,0
E,1681.764701882,76,100,76,100,45,144,0
E,1681.872469990,64,71,64,71,49,144,0
E,1681.921472146,61,61,61,61,49,144,0
E,1682.000314216,73,79,73,79,49,144,0
E,1682.049943838,85,98,85,98,49,144,0
E,1682.108079860,81,106,81,100,50,144,0
E,1682.166882506,74,111,74,100,53,144,0
E,1682.225727558,69,115,69,100,56,144,0
E,1682.284600988,64,122,64,100,60,144,0
E,1682.343290458,59,130,59,100,65,208,0
E,1682.402136658,56,133,56,100,70,208,0
E,1682.460895946,52,130,52,100,75,208,0
E,1682.510011334,47,126,47,100,80,208,0
E,1682.568746920,42,125,42,100,86,208,0
E,1682.617703226,40,124,40,100,90,208,0
E,1682.666705284,39,130,39,100,95,208,0
E,1682.725621386,38,146,38,100,100,208,0
E,1682.784310688,44,164,44,100,104,208,0
E,1682.843113376,65,193,65,100,107,208,0
E,1682.901964966,89,213,89,100,108,208,0
E,1682.960831942,96,205,96,100,108,208,0
E,1683.039521608,84,169,84,100,107,208,0
E,1683.088575704,74,144,74,100,107,208,0
E,1683.147326396,66,119,66,100,108,208,0
E,1683.206243002,60,98,60,98,109,208,0
E,1683.264988682,58,81,58,81,111,208,0
E,1683.323734516,58,67,58,67,111,208,0
E,1683.372736756,59,58,59,58,111,208,0
E,1683.431653180,59,48,59,48,110,208,0
E,1683.490402346,58,40,58,40,109,729,0
E,1683.549144652,56,33,56,33,108,729,0
E,1683.607947592,55,28,55,28,106,729,0
E,1683.666863484,54,23,54,23,104,729,0
E,1683.725552870,53,20,53,20,102,729,0
E,1683.784355502,50,17,50,17,100,729,0
E,1683.833358148,48,15,48,15,98,729,0
E,1683.892273774,47,13,47,13,96,729,0
E,1683.951028666,45,11,45,11,94,729,0
E,1684.029765820,42,10,42,10,92,729,0
E,1684.078768060,40,9,40,9,91,729,0
E,1684.127884078,38,8,38,8,89,729,0
E,1684.186572904,37,7,37,7,88,729,0
E,1684.235575312,35,6,35,6,87,729,0
E,1684.294378070,35,6,35,6,86,729,0
E,1684.344117382,35,5,35,5,85,729,0
E,1684.402182746,35,5,35,5,83,330,0
E,1684.500187226,35,4,35,4,80,330,0
E,1684.559103734,35,4,35,4,78,330,0
E,1684.617792756,38,4,38,4,75,330,0
E,1684.666868286,40,4,40,4,73,330,0
E,1684.715868748,42,4,42,4,70,330,0
E,1684.764987468,43,3,43,3,68,330,0
E,1684.823675090,44,3,44,3,65,330,0
E,1684.872680158,48,3,48,3,62,330,0
E,1684.921682664,51,3,51,3,59,330,0
E,1684.970799802,54,3,54,3,55,330,0
E,1685.049460866,55,3,55,3,50,330,0
E,1685.098413742,56,3,56,3,47,330,0
E,1685.147416066,59,3,59,3,43,330,0
E,1685.196531986,63,3,63,3,40,330,0
E,1685.255220784,66,3,66,3,35,330,0
E,1685.304223136,70,3,70,3,30,330,0
E,1685.353225418,74,3,74,3,26,330,0
E,1685.402390394,75,3,75,3,21,330,0
E,1685.461083658,74,2,74,2,16,614,0
E,1685.510032516,74,2,74,2,13,614,0
E,1685.559034826,74,2,74,2,9,614,0
E,1685.608149584,81,2,81,2,6,614,0
E,1685.666839586,96,2,96,2,6,614,0
E,1685.715841938,106,2,100,2,6,614,0
E,1685.764844220,112,2,100,2,6,614,0
E,1685.813959006,114,2,100,2,6,614,0
E,1685.872649106,111,2,100,2,6,614,0
E,1685.921651430,109,2,100,2,5,614,0
E,1685.970653726,109,2,100,2,6,614,0
E,1686.039768246,116,2,100,2,6,614,0
E,1686.098458514,125,2,100,2,6,614,0
E,1686.147460796,129,2,100,2,6,614,0
E,1686.196463092,131,2,100,2,5,614,0
E,1686.245577836,132,2,100,2,5,614,0
E,1686.304267978,136,2,100,2,6,614,0
E,1686.353270302,138,2,100,2,6,614,0
E,1686.402272332,138,2,100,2,6,614,0
E,1686.451940580,145,2,100,2,6,614,0
E,1686.510077344,151,2,100,2,6,1050,0
E,1686.559080214,152,2,100,2,5,1050,0
E,1686.608083196,151,2,100,2,6,1050,0
E,1686.657198850,143,2,100,2,6,1050,0
E,1686.715888978,132,2,100,2,6,1050,0
E,1686.764891750,126,2,100,2,6,1050,0
E,1686.813893934,120,2,100,2,6,1050,0
E,1686.863008818,116,2,100,2,6,1050,0
E,1686.921698848,115,2,100,2,6,1050,0
E,1686.970701144,114,2,100,2,6,1050,0
E,1687.039703426,109,2,100,2,7,1050,0
E,1687.088818086,102,2,100,2,7,1050,0
E,1687.147508256,91,2,91,2,7,1050,0
E,1687.196510482,84,2,84,2,6,1050,0
E,1687.245512890,78,2,78,2,7,1050,0
E,1687.294701022,73,2,73,2,7,1050,0
E,1687.353390030,69,2,69,2,7,1050,0
E,1687.402319946,67,2,67,2,7,1050,0
E,1687.451322256,63,2,63,2,8,1050,0
E,1687.500436986,62,2,62,2,7,1050,0
E,1687.559127184,61,2,61,2,7,905,0
E,1687.608129466,59,2,59,2,8,905,0
E,1687.657131986,57,2,57,2,7,905,0
E,1687.706247388,56,2,56,2,8,905,0
E,1687.765058042,55,2,55,2,8,905,0
E,1687.813938776,53,2,53,2,8,905,0
E,1687.862940974,51,2,51,2,8,905,0
E,1687.912056852,48,2,48,2,8,905,0
E,1687.970746168,59,26,59,26,8,905,0
E,1688.039748338,73,60,73,60,8,905,0
E,1688.088875934,79,84,79,84,9,905,0
E,1688.137991728,76,94,76,94,11,905,0
E,1688.196555394,68,99,68,99,16,905,0
E,1688.510169730,68,170,68,100,52,905,0
E,1688.559949152,82,194,82,100,57,905,0
E,1688.617974616,86,195,86,100,61,610,0
E,1688.676777388,76,165,76,100,64,610,0
E,1688.735579978,67,136,67,100,68,610,0
E,1688.784829444,61,116,61,100,73,610,0
E,1688.843384976,53,96,53,96,78,610,0
E,1688.902187580,49,79,49,79,84,610,0
E,1688.960990338,47,65,47,65,87,610,0
E,1689.030241946,46,56,46,56,88,610,0
E,1689.088932242,43,46,43,46,88,610,0
E,1689.137930940,40,40,40,40,88,610,0
E,1689.196600124,37,33,37,33,88,610,0
E,1689.245715848,34,29,34,29,88,610,0
E,1689.304405108,31,24,31,24,88,610,0
E,1689.363207810,30,20,30,20,89,610,0
E,1689.422010568,28,17,28,17,89,610,0
E,1689.480926600,26,15,26,15,89,610,0
E,1689.539615958,25,12,25,12,88,164,0
E,1689.598418674,24,11,24,11,88,164,0
E,1689.647420760,23,9,23,9,88,164,0
E,1689.696680782,23,8,23,8,88,164,0
E,1689.755370336,22,7,22,7,88,164,0
E,1689.804328210,21,7,21,7,88,164,0
E,1689.853330898,21,6,21,6,88,164,0
E,1689.902348272,21,6,21,6,88,164,0
E,1689.961038022,22,5,22,5,87,164,0
E,1690.030041046,23,5,23,5,86,164,0
E,1690.079041536,22,4,22,4,84,164,0
E,1690.128159780,22,4,22,4,83,164,0
E,1690.186944366,21,4,21,4,81,164,0
E,1690.235851280,21,4,21,4,81,164,0
E,1690.284855522,21,3,21,3,79,164,0
E,1690.333971722,20,3,20,3,79,164,0
E,1690.392661822,19,3,19,3,78,164,0
E,1690.441664118,19,3,19,3,77,164,0
E,1690.490762342,19,3,19,3,76,164,0
E,1690.539783454,19,3,19,3,75,164,0
E,1690.598473316,19,3,19,3,74,534,0
E,1690.647475934,19,3,19,3,73,534,0
E,1690.696476704,19,3,19,3,72,534,0
E,1690.746146954,18,3,18,3,71,534,0
E,1690.804378596,19,3,19,3,70,534,0
E,1690.853288198,21,3,21,3,69,534,0
E,1690.902290774,22,2,22,2,68,534,0
E,1690.951407114,22,2,22,2,67,534,0
E,1691.030097620,23,2,23,2,65,534,0
E,1691.079099174,24,2,24,2,63,534,0
E,1691.128246832,24,2,24,2,62,534,0
E,1691.177362654,25,2,25,2,60,534,0
E,1691.236051886,25,2,25,2,58,534,0
E,1691.285056324,27,2,27,2,56,534,0
E,1691.343858494,33,2,33,2,53,534,0
E,1691.392975548,36,2,36,2,50,534,0
E,1691.451520524,37,2,37,2,47,534,0
E,1691.500523996,40,2,40,2,44,534,0
E,1691.549526096,41,2,41,2,40,534,0
E,1691.608443640,48,2,48,2,36,534,0
E,1691.667132816,57,2,57,2,31,579,0
E,1691.716136050,60,2,60,2,27,579,0
E,1691.765138444,68,2,68,2,21,579,0
E,1691.814255260,80,2,80,2,15,579,0
E,1691.872943890,94,2,94,2,8,579,0
E,1691.921948650,104,2,100,2,3,579,0
E,1692.000751324,117,2,100,2,2,579,0
E,1692.049867272,124,2,100,2,2,579,0
E,1692.108557652,133,2,100,2,2,579,0
E,1692.157659264,146,2,100,2,2,579,0
E,1692.206662540,157,2,100,2,1,579,0
E,1692.255779020,165,2,100,2,1,579,0
E,1692.314468630,170,2,100,2,0,579,0
E,1692.363471346,173,2,100,2,0,579,0
E,1692.412473964,172,7,100,7,0,579,0
E,1692.461613460,164,31,100,31,0,579,0
E,1692.520180808,148,63,100,63,0,579,0
E,1692.569183790,131,79,100,79,0,579,0
E,1692.618186436,117,89,100,89,0,579,0
E,1692.677102818,108,95,100,95,1,579,0
E,1692.735937216,100,98,100,98,1,321,0
E,1692.794596670,90,102,90,100,2,321,0
E,1692.843599540,81,104,81,100,4,321,0
E,1692.903070294,72,102,72,100,8,321,0
E,1692.961347674,63,97,63,97,13,321,0
E,1693.040009578,56,93,56,93,20,321,0
E,1693.138128046,56,84,56,84,30,321,0
E,1693.196818132,60,79,60,79,35,321,0
E,1693.255621856,55,78,55,78,39,321,0
E,1693.304623900,52,77,52,77,43,321,0
E,1693.363541346,49,73,49,73,47,321,0
E,1693.422230802,45,69,45,69,52,321,0
E,1693.481035002,43,69,43,69,56,321,0
E,1693.539838110,39,69,39,69,61,321,0
E,1693.588953834,36,67,36,67,65,321,0
E,1693.647644410,35,65,35,65,69,165,0
E,1693.696646846,35,64,35,64,73,165,0
E,1693.745650668,33,62,33,62,76,165,0
E,1693.804567106,31,59,31,59,79,165,0
E,1693.863400972,30,55,30,55,81,165,0
E,1693.912258872,29,50,29,50,84,165,0
E,1693.971062666,28,46,28,46,85,165,0
E,1694.049979860,27,42,27,42,87,165,0
E,1694.108669540,26,37,26,37,88,165,0
E,1694.167472830,24,34,24,34,88,165,0
E,1694.216619480,22,32,22,32,88,165,0
E,1694.265592096,21,30,21,30,88,165,0
E,1694.324281230,21,28,21,28,88,165,0
E,1694.383081048,19,27,19,27,88,165,0
E,1694.432088076,19,28,19,28,88,165,0
E,1694.491149008,20,28,20,28,87,165,0
E,1694.549691114,20,26,20,26,87,165,0
E,1694.598697428,20,31,20,31,87,165,0
E,1694.657498730,20,36,20,36,87,165,0
E,1694.716417086,18,37,18,37,88,165,0
E,1694.775251022,17,35,17,35,89,280,0
E,1694.824109692,18,36,18,36,90,280,0
E,1694.873112954,20,38,20,38,91,280,0
E,1694.932030218,20,39,20,39,91,280,0
E,1695.010718456,20,37,20,37,93,280,0
E,1695.059721788,20,36,20,36,93,280,0
E,1695.108869194,20,37,20,37,94,280,0
E,1695.158539430,20,37,20,37,94,280,0
E,1695.216531532,21,36,21,36,95,280,0
E,1695.265534318,21,36,21,36,95,280,0
E,1695.324337804,20,37,20,37,96,280,0
E,1695.383254368,19,41,19,41,97,280,0
E,1695.442088360,19,41,19,41,98,280,0
E,1695.500745014,19,38,19,38,99,280,0
E,1695.549749956,21,36,21,36,99,280,0
E,1695.608669068,21,33,21,33,100,280,0
E,1695.667357306,20,32,20,32,100,280,0
E,1695.726160540,18,31,18,31,100,280,0
E,1695.784964348,18,31,18,31,100,280,0
E,1695.834081528,18,30,18,30,100,280,0
E,1695.892769962,18,29,18,29,100,444,0
E,1695.951573532,17,29,17,29,100,444,0
E,1696.030376458,17,27,17,27,100,444,0
E,1696.089292504,17,25,17,25,100,444,0
E,1696.147983598,18,24,18,24,99,444,0
E,1696.196986678,18,23,18,23,99,444,0
E,1696.245988988,18,24,18,24,98,444,0
E,1696.295105132,20,23,20,23,97,444,0
E,1696.353795162,23,21,23,21,97,444,0
E,1696.402797486,25,20,25,20,96,444,0
E,1696.451800986,30,19,30,19,95,444,0
E,1696.500917074,35,18,35,18,94,444,0
E,1696.559606824,40,18,40,18,92,444,0
E,1696.618410212,42,17,42,17,88,444,0
E,1696.667412998,43,17,43,17,86,444,0
E,1696.716529884,42,16,42,16,83,444,0
E,1696.775219214,42,16,42,16,80,267,0
E,1696.824222644,44,15,44,15,77,267,0
E,1696.873225990,44,15,44,15,74,267,0
E,1696.922341448,43,15,43,15,71,267,0
E,1697.001031240,44,19,44,19,68,267,0
E,1697.050177330,46,21,46,21,65,267,0
E,1697.099179962,49,20,49,20,63,267,0
E,1697.148297016,51,19,51,19,61,267,0
E,1697.206842734,52,18,52,18,57,267,0
E,1697.265646850,53,17,53,17,53,267,0
E,1697.324449748,56,18,56,18,50,267,0
E,1697.383918962,59,19,59,19,46,267,0
E,1697.442200122,61,19,61,19,42,267,0
E,1697.500859408,64,18,64,18,38,267,0
E,1697.559662950,65,18,65,18,33,267,0
E,1697.608777638,67,19,67,19,29,267,0
E,1697.667469488,70,22,70,22,25,267,0
E,1697.726272750,74,24,74,24,20,267,0
E,1697.785075732,79,24,79,24,15,267,0
E,1697.834334284,84,24,84,24,11,267,0
E,1697.892882004,87,24,87,24,6,406,0
E,1697.951686218,84,24,84,24,5,406,0
E,1698.030489242,84,25,84,25,6,406,0
E,1698.079603118,87,25,87,25,6,406,0
E,1698.138295038,91,25,91,25,6,406,0
E,1698.187297110,92,25,92,25,6,406,0
E,1698.236299630,91,25,91,25,6,406,0
E,1698.285557874,88,24,88,24,5,406,0
E,1698.344104446,86,23,86,23,5,406,0
E,1698.393107232,85,22,85,22,6,406,0
E,1698.442108618,84,22,84,22,6,406,0
E,1698.491223096,83,22,83,22,6,406,0
E,1698.549909892,83,22,83,22,5,406,0
E,1698.599060532,85,22,85,22,6,406,0
E,1698.657718712,88,23,88,23,5,406,0
E,1698.716633918,86,23,86,23,5,406,0
E,1698.775324858,80,22,80,22,6,406,0
E,1699.060079824,62,22,62,22,6,351,0
E,1699.109082540,58,23,58,23,6,351,0
E,1699.158052832,53,24,53,24,6,351,0
E,1699.216743436,48,28,48,28,7,351,0
E,1699.265743296,46,32,46,32,7,351,0
E,1699.324547748,43,35,43,35,7,351,0
E,1699.373806314,40,37,40,37,8,351,0
E,1699.432352970,37,38,37,38,10,351,0
E,1699.481355476,35,40,35,40,11,351,0
E,1699.530357702,34,42,34,42,13,351,0
E,1699.580024480,33,43,33,43,14,351,0
E,1699.638162448,31,47,31,47,17,351,0
E,1699.696963386,30,50,30,50,20,351,0
E,1699.755768076,28,50,28,50,24,351,0
E,1699.804882232,27,46,27,46,28,351,0
E,1699.863572850,25,42,25,42,33,260,0
E,1699.912574964,24,40,24,40,35,260,0
E,1699.961577260,24,38,24,38,38,260,0
E,1700.030692788,24,36,24,36,40,260,0
E,1700.089382090,24,35,24,35,43,260,0
E,1700.138528362,24,35,24,35,45,260,0
E,1700.187530994,24,35,24,35,47,260,0
E,1700.246447264,23,35,23,35,50,260,0
E,1700.305091640,22,35,22,35,52,260,0
E,1700.354093866,21,35,21,35,55,260,0
E,1700.403095938,20,35,20,35,57,260,0
E,1700.452211746,19,35,19,35,60,260,0
E,1700.510898234,18,36,18,36,63,260,0
E,1700.559903218,18,38,18,38,66,260,0
E,1700.608904030,19,41,19,41,68,260,0
E,1700.658042952,27,56,27,56,71,260,0
E,1700.716611728,36,73,36,73,76,260,0
E,1700.765613310,34,70,34,70,80,260,0
E,1700.814615242,31,60,31,60,84,260,0
E,1700.863729958,29,51,29,51,87,260,0
E,1700.922420450,26,42,26,42,89,251,0
E,1700.971421794,26,36,26,36,90,251,0
E,1701.040424174,27,31,27,31,91,251,0
E,1701.089665184,26,27,26,27,91,251,0
E,1701.148350300,26,23,26,23,92,251,0
E,1701.207032602,25,19,25,19,92,251,0
E,1701.265834632,24,16,24,16,93,251,0
E,1701.324750006,23,14,23,14,93,251,0
E,1701.383437684,23,12,23,12,93,251,0
E,1701.432439070,22,10,22,10,92,251,0
E,1701.481444292,21,9,21,9,92,251,0
E,1701.530559288,20,8,20,8,91,251,0
E,1701.589249976,19,7,19,7,91,251,0
E,1701.638252062,19,6,19,6,91,251,0
E,1701.687353954,19,6,19,6,90,251,0
E,1701.736924608,18,5,18,5,89,251,0
E,1701.795059328,17,5,17,5,88,251,0
E,1701.844061820,16,4,16,4,88,251,0
E,1701.893158714,16,4,16,4,88,251,0
E,1701.942181338,15,4,15,4,87,251,0
E,1702.020866272,14,4,14,4,86,307,0
E,1702.069868302,14,3,14,3,86,307,0
E,1702.118870444,14,3,14,3,86,307,0
E,1702.167990130,14,3,14,3,85,307,0
E,1702.226767646,13,3,13,3,85,307,0
E,1702.275678186,13,3,13,3,85,307,0
E,1702.324677962,13,3,13,3,85,307,0
E,1702.373799776,13,3,13,3,84,307,0
E,1702.432482876,13,3,13,3,84,307,0
E,1702.481581912,13,3,13,3,84,307,0
E,1702.530487286,14,3,14,3,84,307,0
E,1702.579609422,14,2,14,2,84,307,0
E,1702.638293166,15,2,15,2,83,307,0
E,1702.687296512,15,2,15,2,83,307,0
E,1702.736298850,15,2,15,2,82,307,0
E,1702.785510908,15,2,15,2,82,307,0
E,1702.844196430,15,2,15,2,81,307,0
E,1702.893200532,16,2,16,2,80,307,0
E,1702.942107670,17,2,17,2,79,307,0
E,1703.011227552,19,2,19,2,78,307,0
E,1703.069912696,19,2,19,2,77,926,0
E,1703.118914110,20,2,20,2,75,926,0
E,1703.168012096,20,2,20,2,74,926,0
E,1703.217037002,21,2,21,2,72,926,0
E,1703.275719850,21,2,21,2,70,926,0
E,1703.324724610,21,2,21,2,68,926,0
E,1703.373727298,21,2,21,2,67,926,0
E,1703.422846382,22,2,22,2,65,926,0
E,1703.481532618,24,2,24,2,63,926,0
E,1703.530629008,25,2,25,2,60,926,0
E,1703.579631388,26,2,26,2,58,926,0
E,1703.628655258,26,2,26,2,56,926,0
E,1703.687338708,27,2,27,2,53,926,0
E,1703.736343342,28,2,28,2,50,926,0
E,1703.785346002,29,2,29,2,48,926,0
E,1703.835019304,30,2,30,2,46,926,0
E,1703.893245066,32,2,32,2,43,926,0
E,1703.942152358,32,2,32,2,40,926,0
E,1704.011155270,33,2,33,2,37,926,0
E,1704.060275166,34,2,34,2,34,926,0
E,1704.118959876,36,2,36,2,31,947,0
E,1704.168057204,37,2,37,2,28,947,0
E,1704.216963614,38,2,38,2,25,947,0
E,1704.266082152,39,2,39,2,22,947,0
E,1704.324770278,40,2,40,2,18,947,0
E,1704.373772042,41,2,41,2,15,947,0
E,1704.422917054,44,6,44,6,12,947,0
E,1704.471892106,55,28,55,28,9,947,0
E,1704.530579266,64,48,64,48,7,947,0
E,1704.579580974,62,43,62,43,6,947,0
E,1704.628580638,60,38,60,38,6,947,0
E,1704.677844020,60,34,60,34,6,947,0
E,1704.736387974,60,31,60,31,6,947,0
E,1704.795191026,59,28,59,28,6,947,0
E,1704.853993728,61,25,61,25,6,947,0
E,1704.912910880,63,23,63,23,5,947,0
E,1704.971504534,61,21,61,21,6,947,0
E,1705.040506802,58,19,58,19,5,947,0
E,1705.089509098,57,18,57,18,5,947,0
E,1705.138720176,55,17,55,17,6,947,0
E,1705.197313914,53,16,53,16,5,611,0
E,1705.246316140,51,15,51,15,5,611,0
E,1705.295318422,47,15,47,15,6,611,0
E,1705.344672902,44,14,44,14,6,611,0
E,1705.403123280,44,15,44,15,5,611,0
E,1705.461925982,49,15,49,15,5,611,0
E,1705.510928390,55,15,55,15,6,611,0
E,1705.560139118,61,16,61,16,5,611,0
E,1705.618733374,69,18,69,18,6,611,0
E,1705.667735530,71,19,71,19,5,611,0
E,1705.716737630,68,18,68,18,6,611,0
E,1705.765949590,65,18,65,18,6,611,0
E,1705.824542572,60,20,60,20,6,611,0
E,1705.873544938,56,22,56,22,6,611,0
E,1705.922547178,54,24,54,24,6,611,0
E,1705.972311592,53,26,53,26,6,611,0
E,1706.050352008,54,30,54,30,6,427,0
E,1706.148356530,48,35,48,35,7,427,0
E,1706.197568392,46,39,46,39,7,427,0
E,1706.256161584,45,45,45,45,8,427,0
E,1706.305163600,43,48,43,48,9,427,0
E,1706.354165854,41,50,41,50,11,427,0
E,1706.413321804,39,50,39,50,13,427,0
E,1706.471771356,36,51,36,51,16,427,0
E,1706.520773372,35,53,35,53,20,427,0
E,1706.569775584,35,57,35,57,23,427,0
E,1706.628930946,36,61,36,61,27,427,0
E,1706.687381170,35,63,35,63,32,427,0
E,1706.746183872,34,62,34,62,37,427,0
E,1706.804986630,34,59,34,59,42,427,0
E,1706.863998394,34,57,34,57,46,427,0
E,1706.922591922,31,55,31,55,50,427,0
E,1706.971593994,30,54,30,54,53,427,0
E,1707.040596430,28,53,28,53,57,427,0
E,1707.089951120,27,53,27,53,61,427,0
E,1707.148401274,26,53,26,53,65,190,0
E,1707.197403640,26,54,26,54,68,190,0
E,1707.256206202,41,72,41,72,73,190,0
E,1707.305561186,56,90,56,90,76,190,0
E,1707.364011186,56,88,56,88,81,190,0
E,1707.422813818,54,73,54,73,85,190,0
E,1707.481616492,53,60,53,60,88,190,0
E,1707.540628466,47,50,47,50,88,190,0
E,1707.599221882,43,41,43,41,88,190,0
E,1707.658024640,40,35,40,35,88,190,0
E,1707.707026796,38,30,38,30,88,190,0
E,1707.756380702,36,26,36,26,89,190,0
E,1707.814831682,34,22,34,22,88,190,0
E,1707.873634426,32,18,32,18,88,190,0
E,1707.932437198,30,15,30,15,88,190,0
E,1708.011448164,30,13,30,13,88,190,0
E,1708.070042518,29,11,29,11,88,190,0
E,1708.119044660,28,10,28,10,88,190,0
E,1708.168046942,28,9,28,9,88,190,0
E,1708.217810474,28,8,28,8,88,190,0
E,1708.275851968,28,7,28,7,87,278,0
E,1708.324854110,27,6,27,6,86,278,0
E,1708.373856238,26,6,26,6,85,278,0
E,1708.423068744,26,5,26,5,84,278,0
E,1708.481661320,26,5,26,5,83,278,0
E,1708.530663518,26,4,26,4,82,278,0
E,1708.579665758,24,4,24,4,82,278,0
E,1708.628877802,23,4,23,4,81,278,0
E,1708.687470784,21,4,21,4,81,278,0
E,1708.736472884,22,3,22,3,80,278,0
E,1708.785475124,22,3,22,3,80,278,0
E,1708.834687378,21,3,21,3,80,278,0
E,1708.893280066,20,3,20,3,80,278,0
E,1708.942282558,20,3,20,3,79,278,0
E,1709.011284602,19,3,19,3,80,278,0
E,1709.060498074,19,3,19,3,80,278,0
E,1709.119089516,18,3,18,3,80,278,0
E,1709.168091868,18,3,18,3,79,278,0
E,1709.217093982,18,3,18,3,80,278,0
E,1709.266398860,17,2,17,2,80,278,0
E,1709.324898742,18,2,18,2,80,976,0
